{"stats":{"minecraft:picked_up":{"minecraft:wooden_axe":2,"minecraft:netherite_boots":1,"minecraft:repeater":1,"minecraft:water_bucket":1,"minecraft:diamond_sword":2,"minecraft:beacon":1,"minecraft:golden_shovel":1,"minecraft:amethyst_block":1,"minecraft:netherite_leggings":1,"minecraft:dirt":2,"minecraft:string":1,"minecraft:cooked_mutton":2,"minecraft:bow":1,"minecraft:wheat_seeds":1,"minecraft:diamond_leggings":3,"minecraft:netherite_sword":3,"minecraft:diamond_helmet":3,"minecraft:oak_planks":4,"minecraft:piston":1,"minecraft:dark_oak_sapling":1,"minecraft:stone":192,"minecraft:cooked_porkchop":10,"minecraft:soul_torch":1,"minecraft:ink_sac":4,"minecraft:redstone":2,"minecraft:end_crystal":1,"minecraft:shulker_box":2,"minecraft:spider_eye":1,"minecraft:netherite_block":1,"minecraft:quartz_block":1,"minecraft:red_stained_glass":1,"minecraft:arrow":66,"minecraft:diamond_chestplate":2,"minecraft:slime_ball":3,"minecraft:netherite_helmet":1,"minecraft:lever":3,"minecraft:diamond_boots":3,"minecraft:oak_button":27,"minecraft:netherite_chestplate":1,"minecraft:white_wool":1},"minecraft:mined":{"minecraft:shulker_box":1},"minecraft:killed":{"minecraft:pig":8,"minecraft:salmon":1,"minecraft:spider":8,"minecraft:bat":1,"minecraft:ender_dragon":1,"minecraft:slime":7,"minecraft:creeper":8,"minecraft:squid":7,"minecraft:sheep":1,"minecraft:skeleton":17,"minecraft:zombie":6,"minecraft:enderman":2},"minecraft:dropped":{"minecraft:water_bucket":1,"minecraft:piston":1,"minecraft:lever":1,"minecraft:netherite_sword":5,"minecraft:diamond_leggings":3,"minecraft:netherite_helmet":1,"minecraft:netherite_chestplate":1,"minecraft:oak_planks":1,"minecraft:amethyst_block":1,"minecraft:granite":1,"minecraft:red_stained_glass":1,"minecraft:golden_shovel":1,"minecraft:netherite_leggings":1,"minecraft:diamond_sword":2,"minecraft:dirt":2,"minecraft:stone":194,"minecraft:oak_button":27,"minecraft:diamond_chestplate":2,"minecraft:netherite_block":1,"minecraft:quartz_block":1,"minecraft:wooden_axe":2,"minecraft:netherite_boots":1,"minecraft:diamond_helmet":3,"minecraft:redstone_torch":1,"minecraft:diamond_boots":3,"minecraft:beacon":1,"minecraft:arrow":65,"minecraft:bow":1,"minecraft:end_crystal":1},"minecraft:custom":{"minecraft:inspect_dropper":1,"minecraft:mob_kills":72,"minecraft:interact_with_anvil":6,"minecraft:inspect_hopper":4,"minecraft:open_shulker_box":2,"minecraft:leave_game":15,"minecraft:time_since_death":215491,"minecraft:time_since_rest":201682,"minecraft:sprint_one_cm":248449,"minecraft:damage_taken":327,"minecraft:walk_one_cm":337629,"minecraft:drop":48,"minecraft:damage_dealt":10798,"minecraft:interact_with_beacon":8,"minecraft:player_kills":1,"minecraft:swim_one_cm":3920,"minecraft:fly_one_cm":1403096,"minecraft:open_chest":10,"minecraft:crouch_one_cm":756,"minecraft:play_time":215491,"minecraft:sneak_time":3299,"minecraft:walk_under_water_one_cm":12244,"minecraft:aviate_one_cm":136290,"minecraft:jump":567,"minecraft:walk_on_water_one_cm":14128,"minecraft:total_world_time":201682,"minecraft:fall_one_cm":3644,"minecraft:inspect_dispenser":2},"minecraft:used":{"minecraft:water_bucket":6,"minecraft:netherite_sword":162,"minecraft:amethyst_block":45,"minecraft:damaged_anvil":2,"minecraft:dropper":8,"minecraft:red_stained_glass":19,"minecraft:netherite_chestplate":1,"minecraft:dispenser":5,"minecraft:redstone":303,"minecraft:oak_planks":192,"minecraft:chest":5,"minecraft:stone":27,"minecraft:beacon":19,"minecraft:magenta_stained_glass":1,"minecraft:debug_stick":6,"minecraft:orange_stained_glass":86,"minecraft:netherite_leggings":1,"minecraft:sand":2,"minecraft:anvil":3,"minecraft:target":1,"minecraft:comparator":1,"minecraft:blue_stained_glass":17,"minecraft:hopper":16,"minecraft:netherite_helmet":1,"minecraft:shulker_box":2,"minecraft:granite":1,"minecraft:light_blue_stained_glass":2,"minecraft:obsidian":51,"minecraft:sticky_piston":111,"minecraft:redstone_torch":30,"minecraft:netherite_block":150,"minecraft:lever":2,"minecraft:firework_rocket":30,"minecraft:light_gray_stained_glass":1,"minecraft:command_block":2,"minecraft:yellow_stained_glass":1,"minecraft:grass_block":17,"minecraft:slime_block":41,"minecraft:pig_spawn_egg":5,"minecraft:quartz_block":8,"minecraft:netherite_boots":1,"minecraft:repeater":88,"minecraft:end_crystal":10,"minecraft:lime_stained_glass":1,"minecraft:soul_torch":52,"minecraft:gray_stained_glass":2,"minecraft:green_stained_glass":2}},"DataVersion":2724}