{"stats":{"minecraft:picked_up":{"minecraft:soul_torch":5,"minecraft:ink_sac":1,"minecraft:dark_oak_log":37,"minecraft:dirt":9,"minecraft:arrow":2,"minecraft:rotten_flesh":1,"minecraft:wheat_seeds":5,"minecraft:poppy":4,"minecraft:obsidian":16,"minecraft:oak_planks":4,"minecraft:crimson_roots":6},"minecraft:mined":{"minecraft:grass_block":1},"minecraft:killed":{"minecraft:spider":1,"minecraft:squid":1},"minecraft:dropped":{"minecraft:poppy":4,"minecraft:ink_sac":1,"minecraft:arrow":2},"minecraft:custom":{"minecraft:time_since_rest":58968,"minecraft:sprint_one_cm":57365,"minecraft:damage_taken":595,"minecraft:walk_one_cm":90259,"minecraft:interact_with_anvil":1,"minecraft:mob_kills":2,"minecraft:drop":7,"minecraft:damage_dealt":721,"minecraft:fly_one_cm":312952,"minecraft:crouch_one_cm":1080,"minecraft:play_time":66135,"minecraft:deaths":3,"minecraft:sneak_time":1461,"minecraft:walk_under_water_one_cm":10654,"minecraft:jump":399,"minecraft:leave_game":5,"minecraft:walk_on_water_one_cm":22789,"minecraft:time_since_death":58920,"minecraft:total_world_time":66135,"minecraft:fall_one_cm":3369},"minecraft:used":{"minecraft:oak_fence":34,"minecraft:glass":13,"minecraft:netherite_sword":28,"minecraft:water_bucket":117,"minecraft:flint_and_steel":1,"minecraft:grass_block":47,"minecraft:oak_planks":4,"minecraft:stone":273,"minecraft:tropical_fish_spawn_egg":5,"minecraft:crimson_roots":6,"minecraft:tube_coral":2,"minecraft:brain_coral":2,"minecraft:dirt":4,"minecraft:anvil":1,"minecraft:bow":14,"minecraft:pufferfish_bucket":3,"minecraft:glass_pane":16,"minecraft:sea_pickle":2,"minecraft:fire_coral":3,"minecraft:tropical_fish_bucket":5,"minecraft:soul_torch":8}},"DataVersion":2724}