{"stats":{"minecraft:killed_by":{"minecraft:player":1},"minecraft:picked_up":{"minecraft:wooden_axe":1,"minecraft:netherite_boots":1,"minecraft:stone":65,"minecraft:cooked_porkchop":2,"minecraft:water_bucket":1,"minecraft:diamond_sword":1,"minecraft:beacon":1,"minecraft:porkchop":16,"minecraft:sand":3,"minecraft:soul_torch":2,"minecraft:redstone":1,"minecraft:amethyst_block":1,"minecraft:end_crystal":1,"minecraft:netherite_leggings":1,"minecraft:dark_oak_log":4,"minecraft:dirt":7,"minecraft:netherite_block":1,"minecraft:quartz_block":1,"minecraft:arrow":68,"minecraft:red_stained_glass":1,"minecraft:bone":1,"minecraft:diamond_chestplate":2,"minecraft:wheat_seeds":3,"minecraft:bow":2,"minecraft:netherite_helmet":1,"minecraft:diamond_leggings":2,"minecraft:lever":3,"minecraft:netherite_sword":5,"minecraft:diamond_boots":2,"minecraft:oak_button":54,"minecraft:diamond_helmet":2,"minecraft:netherite_chestplate":1,"minecraft:mutton":5,"minecraft:oak_planks":21,"minecraft:piston":1,"minecraft:white_wool":3},"minecraft:mined":{"minecraft:grass":1,"minecraft:dead_bush":4,"minecraft:dirt":2},"minecraft:killed":{"minecraft:sheep":3,"minecraft:skeleton":2,"minecraft:zombie":1,"minecraft:pig":8,"minecraft:chicken":1,"minecraft:spider":1},"minecraft:custom":{"minecraft:time_since_rest":21402,"minecraft:sprint_one_cm":106552,"minecraft:damage_taken":242,"minecraft:walk_one_cm":85255,"minecraft:mob_kills":16,"minecraft:damage_dealt":2552,"minecraft:interact_with_beacon":1,"minecraft:fly_one_cm":1317651,"minecraft:open_chest":2,"minecraft:crouch_one_cm":936,"minecraft:play_time":152701,"minecraft:deaths":2,"minecraft:sneak_time":6256,"minecraft:walk_under_water_one_cm":2606,"minecraft:jump":238,"minecraft:leave_game":8,"minecraft:time_since_death":21325,"minecraft:walk_on_water_one_cm":5329,"minecraft:total_world_time":137345,"minecraft:fall_one_cm":858,"minecraft:inspect_dispenser":1},"minecraft:used":{"minecraft:redstone_torch":8,"minecraft:netherite_block":247,"minecraft:water_bucket":26,"minecraft:wooden_axe":13,"minecraft:lever":10,"minecraft:amethyst_block":487,"minecraft:oak_planks":181,"minecraft:red_stained_glass":21,"minecraft:netherite_chestplate":1,"minecraft:grass_block":24,"minecraft:redstone":1,"minecraft:quartz_block":7,"minecraft:stone":14,"minecraft:beacon":5,"minecraft:netherite_boots":1,"minecraft:orange_stained_glass":17,"minecraft:diamond_sword":12,"minecraft:netherite_leggings":1,"minecraft:end_crystal":6,"minecraft:blue_stained_glass":17,"minecraft:netherite_helmet":1,"minecraft:netherite_sword":39,"minecraft:piston":19,"minecraft:obsidian":239,"minecraft:green_stained_glass":17,"minecraft:petrified_oak_slab":2}},"DataVersion":2724}